file_name,The complaint_top_match,The complaint_most_common_group_name
DRN-4020987.txt,"Whole of life Assurance (Reviewable - Life Only)	",Life and Critical Illness Cover
DRN-4184448.txt,"Being categorised	",Being categorised
DRN-4196342.txt,"Commercial Property Insurance	",Household and Commercial Property Insurance
DRN-4207457.txt,"Buildings Insurance	",Household and Commercial Property Insurance
DRN-4211390.txt,"Home Emergency Insurance	",Household and Commercial Property Insurance
DRN-4221122.txt,"Buildings Insurance	",Household and Commercial Property Insurance
DRN-4230898.txt,"Home Emergency Insurance	",Household and Commercial Property Insurance
DRN-4256131.txt,"Being categorised	",Being categorised
DRN-4256158.txt,"Motor Warranties	",Motor Insurance
DRN-4272539.txt,"Whole of life Assurance (Reviewable - Life Only)	",Life and Critical Illness Cover
DRN-4277426.txt,"Buildings Insurance	",Household and Commercial Property Insurance
DRN-4277593.txt,"Commercial Property Insurance	",Household and Commercial Property Insurance
DRN-4279277.txt,"Motor Warranties	",Motor Insurance
DRN-4292744.txt,"Home Emergency Insurance	",Household and Commercial Property Insurance
DRN-4301506.txt,"Buildings Insurance	",Household and Commercial Property Insurance
DRN-4302030.txt,"Home Emergency Insurance	",Household and Commercial Property Insurance
DRN-4303716.txt,"Home Emergency Insurance	",Household and Commercial Property Insurance
DRN-4305481.txt,"Whole of Life Assurance (Reviewable)	",Life and Critical Illness Cover
DRN-4306085.txt,"Whole of life Assurance (Reviewable - Life Only)	",Life and Critical Illness Cover
DRN-4311897.txt,"Buildings Insurance	",Household and Commercial Property Insurance
DRN-4321289.txt,"Commercial Property Insurance	",Household and Commercial Property Insurance
DRN-4323822.txt,"Buildings Insurance	",Household and Commercial Property Insurance
DRN-4323991.txt,"Legal Expenses Insurance	",Legal Expenses and Monetary Loss Insurance
DRN-4326748.txt,"Whole of Life Assurance (Reviewable)	",Life and Critical Illness Cover
DRN-4328406.txt,"Commercial Property Insurance	",Household and Commercial Property Insurance
DRN-4336632.txt,"Home Emergency Insurance	",Household and Commercial Property Insurance
DRN-4339957.txt,"Commercial Property Insurance	",Household and Commercial Property Insurance
DRN-4353479.txt,"Buildings Insurance	",Household and Commercial Property Insurance
DRN-4362072.txt,"Home Emergency Insurance	",Household and Commercial Property Insurance
DRN-4363973.txt,"Buildings Insurance	",Household and Commercial Property Insurance
DRN-4377725.txt,"Commercial Property Insurance	",Household and Commercial Property Insurance
DRN-4379942.txt,"Building Guarantees	",Household and Commercial Property Insurance
DRN-4386177.txt,"Buildings Insurance	",Household and Commercial Property Insurance
DRN-4389524.txt,"Home Emergency Insurance	",Household and Commercial Property Insurance
DRN-4402229.txt,"Buildings Insurance	",Household and Commercial Property Insurance
DRN-4417026.txt,"Roadside Assistance Insurance	",Motor Insurance
DRN-4417196.txt,"Contents Insurance	",Household and Commercial Property Insurance
DRN-4425160.txt,"Home Emergency Insurance	",Household and Commercial Property Insurance
DRN-4428665.txt,"Critical Illness Cover	",Life and Critical Illness Cover
DRN-4429652.txt,"Travel Insurance	",Travel Insurance Cover
DRN-4434720.txt,"Travel Insurance	",Travel Insurance Cover
DRN-4439246.txt,"Legal Expenses Insurance	",Legal Expenses and Monetary Loss Insurance
DRN-4440608.txt,"Roadside Assistance Insurance	",Motor Insurance
DRN-4442633.txt,"Commercial Property Insurance	",Household and Commercial Property Insurance
DRN-4444201.txt,"Pet Insurance	",Animal Insurance
DRN-4445825.txt,"Income Protection Insurance	",Medical and Travel Insurance
DRN-4446348.txt,"Travel Insurance	",Travel Insurance Cover
DRN-4451227.txt,"Home Emergency Insurance	",Household and Commercial Property Insurance
DRN-4452299.txt,"Motor Warranties	",Motor Insurance
DRN-4452496.txt,"Motor Warranties	",Motor Insurance
DRN-4452955.txt,"Roadside Assistance Insurance	",Motor Insurance
DRN-4454192.txt,"Whole of Life Assurance (Reviewable)	",Life and Critical Illness Cover
DRN-4455205.txt,"Home Emergency Insurance	",Household and Commercial Property Insurance
DRN-4457240.txt,"Travel Insurance	",Travel Insurance Cover
DRN-4460689.txt,"Travel Insurance	",Travel Insurance Cover
DRN-4463071.txt,"Home Emergency Insurance	",Household and Commercial Property Insurance
DRN-4464184.txt,"Legal Expenses Insurance	",Legal Expenses and Monetary Loss Insurance
DRN-4465952.txt,"Home Emergency Insurance	",Household and Commercial Property Insurance
DRN-4466048.txt,"Whole of life Assurance (Reviewable - Life Only)	",Life and Critical Illness Cover
DRN-4466692.txt,"Legal Expenses Insurance	",Legal Expenses and Monetary Loss Insurance
DRN-4467889.txt,"Home Emergency Insurance	",Household and Commercial Property Insurance
DRN-4470870.txt,"Buildings Insurance	",Household and Commercial Property Insurance
DRN-4474586.txt,"Whole of life Assurance (Reviewable - Life Only)	",Life and Critical Illness Cover
DRN-4474842.txt,"Contents Insurance	",Household and Commercial Property Insurance
DRN-4475384.txt,"Motor Warranties	",Motor Insurance
DRN-4475998.txt,"Motor Warranties	",Motor Insurance
DRN-4476445.txt,"Home Emergency Insurance	",Household and Commercial Property Insurance
DRN-4477222.txt,"Home Emergency Insurance	",Household and Commercial Property Insurance
DRN-4479085.txt,"Home Emergency Insurance	",Household and Commercial Property Insurance
DRN-4479208.txt,"Income Protection Insurance	",Medical and Travel Insurance
DRN-4479808.txt,"Contents Insurance	",Household and Commercial Property Insurance
DRN-4481945.txt,"Private Medical or Dental Insurance	",Medical and Travel Insurance
DRN-4481992.txt,"Commercial Property Insurance	",Household and Commercial Property Insurance
DRN-4482103.txt,"Contents Insurance	",Household and Commercial Property Insurance
DRN-4483340.txt,"Mobile Phone Insurance	",Personal Belongings Insurance (Standalone)
DRN-4484790.txt,"Commercial Property Insurance	",Household and Commercial Property Insurance
DRN-4485401.txt,"Card Protection Insurance	",Legal Expenses and Monetary Loss Insurance
DRN-4486286.txt,"Caravan Insurance	",Motor Insurance
DRN-4486690.txt,"Home Emergency Insurance	",Household and Commercial Property Insurance
DRN-4487707.txt,"Travel Insurance	",Travel Insurance Cover
DRN-4487802.txt,"Legal Expenses Insurance	",Legal Expenses and Monetary Loss Insurance
DRN-4489108.txt,"Legal Expenses Insurance	",Legal Expenses and Monetary Loss Insurance
DRN-4489136.txt,"Commercial Property Insurance	",Household and Commercial Property Insurance
DRN-4489142.txt,"Home Emergency Insurance	",Household and Commercial Property Insurance
DRN-4490354.txt,"PPI (Credit Card)	",PPI (Payment Protection Insurance)
DRN-4491979.txt,"Legal Expenses Insurance	",Legal Expenses and Monetary Loss Insurance
DRN-4492241.txt,"Legal Expenses Insurance	",Legal Expenses and Monetary Loss Insurance
DRN-4492347.txt,"Motor Warranties	",Motor Insurance
DRN-4493576.txt,"Legal Expenses Insurance	",Legal Expenses and Monetary Loss Insurance
DRN-4494395.txt,"Legal Expenses Insurance	",Legal Expenses and Monetary Loss Insurance
DRN-4495164.txt,"Home Emergency Insurance	",Household and Commercial Property Insurance
DRN-4495549.txt,"Private Medical or Dental Insurance	",Medical and Travel Insurance
DRN-4496005.txt,"Home Emergency Insurance	",Household and Commercial Property Insurance
DRN-4497395.txt,"Home Emergency Insurance	",Household and Commercial Property Insurance
DRN-4497576.txt,"Whole of life Assurance (Reviewable - Life Only)	",Life and Critical Illness Cover
DRN-4497868.txt,"Home Emergency Insurance	",Household and Commercial Property Insurance
DRN-4498333.txt,"Home Emergency Insurance	",Household and Commercial Property Insurance
DRN-4498336.txt,"Home Emergency Insurance	",Household and Commercial Property Insurance
DRN-4498427.txt,"Income Protection Insurance	",Medical and Travel Insurance
DRN-4500348.txt,"Home Emergency Insurance	",Household and Commercial Property Insurance
DRN-4501266.txt,"Income Protection Insurance	",Medical and Travel Insurance
DRN-4501399.txt,"Home Emergency Insurance	",Household and Commercial Property Insurance
DRN-4503039.txt,"Mobile Phone Insurance	",Personal Belongings Insurance (Standalone)
DRN-4503876.txt,"Legal Expenses Insurance	",Legal Expenses and Monetary Loss Insurance
DRN-4505356.txt,"Home Emergency Insurance	",Household and Commercial Property Insurance
DRN-4506514.txt,"Home Emergency Insurance	",Household and Commercial Property Insurance
DRN-4506546.txt,"Buildings Insurance	",Household and Commercial Property Insurance
DRN-4506755.txt,"Home Emergency Insurance	",Household and Commercial Property Insurance
DRN-4507143.txt,"Horse Insurance	",Animal Insurance
DRN-4507180.txt,"Home Emergency Insurance	",Household and Commercial Property Insurance
DRN-4507468.txt,"Travel Insurance	",Travel Insurance Cover
DRN-4507832.txt,"Home Emergency Insurance	",Household and Commercial Property Insurance
DRN-4508584.txt,"Travel Insurance	",Travel Insurance Cover
DRN-4509320.txt,"Travel Insurance	",Travel Insurance Cover
DRN-4509755.txt,"Travel Insurance	",Travel Insurance Cover
DRN-4511063.txt,"Mobile Phone Insurance	",Personal Belongings Insurance (Standalone)
DRN-4511294.txt,"Pet Insurance	",Animal Insurance
DRN-4511894.txt,"Legal Expenses Insurance	",Legal Expenses and Monetary Loss Insurance
DRN-4513417.txt,"Private Medical or Dental Insurance	",Medical and Travel Insurance
DRN-4513813.txt,"Home Emergency Insurance	",Household and Commercial Property Insurance
DRN-4514103.txt,"Travel Insurance	",Travel Insurance Cover
DRN-4514480.txt,"Home Emergency Insurance	",Household and Commercial Property Insurance
DRN-4515315.txt,"Critical Illness Cover	",Life and Critical Illness Cover
DRN-4515486.txt,"Whole of Life Assurance (Reviewable)	",Life and Critical Illness Cover
DRN-4516404.txt,"Buildings Insurance	",Household and Commercial Property Insurance
DRN-4516430.txt,"Mobile Phone Insurance	",Personal Belongings Insurance (Standalone)
DRN-4516759.txt,"Travel Insurance	",Travel Insurance Cover
DRN-4517090.txt,"Buildings Insurance	",Household and Commercial Property Insurance
DRN-4517146.txt,"Buildings Insurance	",Household and Commercial Property Insurance
DRN-4517484.txt,"Private Medical or Dental Insurance	",Medical and Travel Insurance
DRN-4517732.txt,"Private Medical or Dental Insurance	",Medical and Travel Insurance
DRN-4519459.txt,"Home Emergency Insurance	",Household and Commercial Property Insurance
DRN-4519521.txt,"Gadget Insurance	",Personal Belongings Insurance (Standalone)
DRN-4519664.txt,"Legal Expenses Insurance	",Legal Expenses and Monetary Loss Insurance
DRN-4519769.txt,"Gadget Insurance	",Personal Belongings Insurance (Standalone)
DRN-4519916.txt,"Commercial Vehicle Insurance	",Motor Insurance
DRN-4520087.txt,"Whole of life Assurance (Reviewable - Life Only)	",Life and Critical Illness Cover
DRN-4520098.txt,"Home Emergency Insurance	",Household and Commercial Property Insurance
DRN-4520247.txt,"Legal Expenses Insurance	",Legal Expenses and Monetary Loss Insurance
DRN-4520501.txt,"Home Emergency Insurance	",Household and Commercial Property Insurance
DRN-4520606.txt,"Business Protection Insurance	",Legal Expenses and Monetary Loss Insurance
DRN-4522240.txt,"Personal Accident Insurance	",Medical and Travel Insurance
DRN-4522246.txt,"Mobile Phone Insurance	",Personal Belongings Insurance (Standalone)
DRN-4522276.txt,"Mobile Phone Insurance	",Personal Belongings Insurance (Standalone)
DRN-4523855.txt,"Travel Insurance	",Travel Insurance Cover
DRN-4524245.txt,"Private Medical or Dental Insurance	",Medical and Travel Insurance
DRN-4524546.txt,"Pet Insurance	",Animal Insurance
DRN-4524582.txt,"Buildings Insurance	",Household and Commercial Property Insurance
DRN-4524631.txt,"Home Emergency Insurance	",Household and Commercial Property Insurance
DRN-4524674.txt,"Home Emergency Insurance	",Household and Commercial Property Insurance
DRN-4524733.txt,"Contents Insurance	",Household and Commercial Property Insurance
DRN-4524758.txt,"Travel Insurance	",Travel Insurance Cover
DRN-4524953.txt,"Income Protection Insurance	",Medical and Travel Insurance
DRN-4524988.txt,"Travel Insurance	",Travel Insurance Cover
DRN-4525502.txt,"Private Medical or Dental Insurance	",Medical and Travel Insurance
DRN-4526117.txt,"Travel Insurance	",Travel Insurance Cover
DRN-4526224.txt,"Legal Expenses Insurance	",Legal Expenses and Monetary Loss Insurance
DRN-4526342.txt,"Mobile Phone Insurance	",Personal Belongings Insurance (Standalone)
DRN-4526410.txt,"Caravan Insurance	",Motor Insurance
DRN-4526573.txt,"Travel Insurance	",Travel Insurance Cover
DRN-4526719.txt,"Home Emergency Insurance	",Household and Commercial Property Insurance
DRN-4526899.txt,"Income Protection Insurance	",Medical and Travel Insurance
DRN-4527084.txt,"Personal Accident Insurance	",Medical and Travel Insurance
DRN-4527660.txt,"Mobile Phone Insurance	",Personal Belongings Insurance (Standalone)
DRN-4527669.txt,"Income Protection Insurance	",Medical and Travel Insurance
DRN-4527678.txt,"Term Assurance (Life Only)	",Life and Critical Illness Cover
DRN-4528567.txt,"Pet Insurance	",Animal Insurance
DRN-4529134.txt,"Home Emergency Insurance	",Household and Commercial Property Insurance
DRN-4529217.txt,"Home Emergency Insurance	",Household and Commercial Property Insurance
DRN-4529268.txt,"Personal Accident Insurance	",Medical and Travel Insurance
DRN-4529362.txt,"Legal Expenses Insurance	",Legal Expenses and Monetary Loss Insurance
DRN-4529859.txt,"Travel Insurance	",Travel Insurance Cover
DRN-4530571.txt,"Travel Insurance	",Travel Insurance Cover
DRN-4530606.txt,"Pet Insurance	",Animal Insurance
DRN-4530807.txt,"Whole of life Assurance (Reviewable - Life Only)	",Life and Critical Illness Cover
DRN-4530834.txt,"Buildings Insurance	",Household and Commercial Property Insurance
DRN-4530998.txt,"Travel Insurance	",Travel Insurance Cover
DRN-4531516.txt,"Home Emergency Insurance	",Household and Commercial Property Insurance
DRN-4531586.txt,"Travel Insurance	",Travel Insurance Cover
DRN-4532278.txt,"Travel Insurance	",Travel Insurance Cover
DRN-4532433.txt,"Travel Insurance	",Travel Insurance Cover
DRN-4532517.txt,"Home Emergency Insurance	",Household and Commercial Property Insurance
DRN-4532565.txt,"Home Emergency Insurance	",Household and Commercial Property Insurance
DRN-4532567.txt,"Pet Insurance	",Animal Insurance
DRN-4533185.txt,"Personal Accident Insurance	",Medical and Travel Insurance
DRN-4533656.txt,"Contents Insurance	",Household and Commercial Property Insurance
DRN-4533694.txt,"Buildings Insurance	",Household and Commercial Property Insurance
DRN-4533720.txt,"Pet Insurance	",Animal Insurance
DRN-4533809.txt,"Term Assurance	",Life and Critical Illness Cover
DRN-4533817.txt,"Contents Insurance	",Household and Commercial Property Insurance
DRN-4533820.txt,"Private Medical or Dental Insurance	",Medical and Travel Insurance
DRN-4533839.txt,"Critical Illness Cover	",Life and Critical Illness Cover
DRN-4533919.txt,"Travel Insurance	",Travel Insurance Cover
DRN-4533993.txt,"Income Protection Insurance	",Medical and Travel Insurance
DRN-4534024.txt,"Home Emergency Insurance	",Household and Commercial Property Insurance
DRN-4534126.txt,"Pet Insurance	",Animal Insurance
DRN-4534131.txt,"Private Medical or Dental Insurance	",Medical and Travel Insurance
DRN-4534332.txt,"Motor Warranties	",Motor Insurance
DRN-4534493.txt,"Income Protection Insurance	",Medical and Travel Insurance
DRN-4534523.txt,"Home Emergency Insurance	",Household and Commercial Property Insurance
DRN-4534932.txt,"Home Emergency Insurance	",Household and Commercial Property Insurance
DRN-4534952.txt,"Home Emergency Insurance	",Household and Commercial Property Insurance
DRN-4535024.txt,"Home Emergency Insurance	",Household and Commercial Property Insurance
DRN-4535324.txt,"Contents Insurance	",Household and Commercial Property Insurance
DRN-4535558.txt,"Travel Insurance	",Travel Insurance Cover
DRN-4535754.txt,"Pet Insurance	",Animal Insurance
DRN-4535875.txt,"Home Emergency Insurance	",Household and Commercial Property Insurance
DRN-4536094.txt,"Commercial Property Insurance	",Household and Commercial Property Insurance
DRN-4536150.txt,"Critical Illness Cover	",Life and Critical Illness Cover
DRN-4536335.txt,"Motor Warranties	",Motor Insurance
DRN-4536448.txt,"Gadget Insurance	",Personal Belongings Insurance (Standalone)
DRN-4536560.txt,"Personal Accident Insurance	",Medical and Travel Insurance
DRN-4536692.txt,"Travel Insurance	",Travel Insurance Cover
DRN-4536756.txt,"Legal Expenses Insurance	",Legal Expenses and Monetary Loss Insurance
DRN-4536972.txt,"Pet Insurance	",Animal Insurance
DRN-4537195.txt,"Home Emergency Insurance	",Household and Commercial Property Insurance
DRN-4537205.txt,"Private Medical or Dental Insurance	",Medical and Travel Insurance
DRN-4537485.txt,"Buildings Insurance	",Household and Commercial Property Insurance
DRN-4537582.txt,"Home Emergency Insurance	",Household and Commercial Property Insurance
DRN-4538261.txt,"Travel Insurance	",Travel Insurance Cover
DRN-4538447.txt,"Home Emergency Insurance	",Household and Commercial Property Insurance
DRN-4538464.txt,"Home Emergency Insurance	",Household and Commercial Property Insurance
DRN-4538521.txt,"Home Emergency Insurance	",Household and Commercial Property Insurance
DRN-4538798.txt,"Home Emergency Insurance	",Household and Commercial Property Insurance
DRN-4538800.txt,"Home Emergency Insurance	",Household and Commercial Property Insurance
DRN-4539021.txt,"Travel Insurance	",Travel Insurance Cover
DRN-4539367.txt,"Buildings Insurance	",Household and Commercial Property Insurance
DRN-4539441.txt,"Home Emergency Insurance	",Household and Commercial Property Insurance
DRN-4539499.txt,"Legal Expenses Insurance	",Legal Expenses and Monetary Loss Insurance
DRN-4539565.txt,"Home Emergency Insurance	",Household and Commercial Property Insurance
DRN-4539605.txt,"Legal Expenses Insurance	",Legal Expenses and Monetary Loss Insurance
DRN-4540323.txt,"Buildings Insurance	",Household and Commercial Property Insurance
DRN-4540682.txt,"Pet Insurance	",Animal Insurance
DRN-4540769.txt,"Travel Insurance	",Travel Insurance Cover
DRN-4540805.txt,"Rent Protection Insurance	",Legal Expenses and Monetary Loss Insurance
DRN-4540942.txt,"Home Emergency Insurance	",Household and Commercial Property Insurance
DRN-4541374.txt,"Travel Insurance	",Travel Insurance Cover
DRN-4541654.txt,"Home Emergency Insurance	",Household and Commercial Property Insurance
DRN-4542033.txt,"Travel Insurance	",Travel Insurance Cover
DRN-4542175.txt,"Home Emergency Insurance	",Household and Commercial Property Insurance
DRN-4542484.txt,"Private Medical or Dental Insurance	",Medical and Travel Insurance
DRN-4542836.txt,"Commercial Vehicle Insurance	",Motor Insurance
DRN-4543053.txt,"Travel Insurance	",Travel Insurance Cover
DRN-4543125.txt,"Home Emergency Insurance	",Household and Commercial Property Insurance
DRN-4543395.txt,"Home Emergency Insurance	",Household and Commercial Property Insurance
DRN-4543893.txt,"Travel Insurance	",Travel Insurance Cover
DRN-4543902.txt,"Commercial Property Insurance	",Household and Commercial Property Insurance
DRN-4544052.txt,"Business Protection Insurance	",Legal Expenses and Monetary Loss Insurance
DRN-4544126.txt,"Home Emergency Insurance	",Household and Commercial Property Insurance
DRN-4544193.txt,"Private Medical or Dental Insurance	",Medical and Travel Insurance
DRN-4544297.txt,"PPI (Credit Card)	",PPI (Payment Protection Insurance)
DRN-4544330.txt,"Commercial Property Insurance	",Household and Commercial Property Insurance
DRN-4544339.txt,"Travel Insurance	",Travel Insurance Cover
DRN-4544379.txt,"Whole of Life Assurance (Reviewable)	",Life and Critical Illness Cover
DRN-4544487.txt,"Mobile Phone Insurance	",Personal Belongings Insurance (Standalone)
DRN-4544627.txt,"Travel Insurance	",Travel Insurance Cover
DRN-4544689.txt,"Home Emergency Insurance	",Household and Commercial Property Insurance
DRN-4544712.txt,"Income Protection Insurance	",Medical and Travel Insurance
DRN-4544743.txt,"Legal Expenses Insurance	",Legal Expenses and Monetary Loss Insurance
DRN-4544771.txt,"Commercial Property Insurance	",Household and Commercial Property Insurance
DRN-4545901.txt,"Income Protection Insurance	",Medical and Travel Insurance
DRN-4546420.txt,"Pet Insurance	",Animal Insurance
DRN-4546736.txt,"Home Emergency Insurance	",Household and Commercial Property Insurance
DRN-4546897.txt,"Home Emergency Insurance	",Household and Commercial Property Insurance
DRN-4547042.txt,"Legal Expenses Insurance	",Legal Expenses and Monetary Loss Insurance
DRN-4547206.txt,"Home Emergency Insurance	",Household and Commercial Property Insurance
DRN-4547308.txt,"Home Emergency Insurance	",Household and Commercial Property Insurance
DRN-4547368.txt,"Contents Insurance	",Household and Commercial Property Insurance
DRN-4547444.txt,"Caravan Insurance	",Motor Insurance
DRN-4547479.txt,"Home Emergency Insurance	",Household and Commercial Property Insurance
DRN-4547970.txt,"Home Emergency Insurance	",Household and Commercial Property Insurance
DRN-4547999.txt,"Jewellery Insurance	",Personal Belongings Insurance (Standalone)
DRN-4548477.txt,"Rent Protection Insurance	",Legal Expenses and Monetary Loss Insurance
DRN-4548519.txt,"Travel Insurance	",Travel Insurance Cover
DRN-4548520.txt,"Travel Insurance	",Travel Insurance Cover
DRN-4548578.txt,"Home Emergency Insurance	",Household and Commercial Property Insurance
DRN-4548933.txt,"Private Medical or Dental Insurance	",Medical and Travel Insurance
DRN-4549076.txt,"Contents Insurance	",Household and Commercial Property Insurance
DRN-4549847.txt,"Travel Insurance	",Travel Insurance Cover
DRN-4549963.txt,"Travel Insurance	",Travel Insurance Cover
DRN-4550217.txt,"Income Protection Insurance	",Medical and Travel Insurance
DRN-4550305.txt,"Home Emergency Insurance	",Household and Commercial Property Insurance
DRN-4550327.txt,"Private Medical or Dental Insurance	",Medical and Travel Insurance
DRN-4550678.txt,"Travel Insurance	",Travel Insurance Cover
DRN-4550765.txt,"Travel Insurance	",Travel Insurance Cover
DRN-4550974.txt,"Home Emergency Insurance	",Household and Commercial Property Insurance
DRN-4551326.txt,"Travel Insurance	",Travel Insurance Cover
DRN-4551678.txt,"Pet Insurance	",Animal Insurance
DRN-4552060.txt,"Home Emergency Insurance	",Household and Commercial Property Insurance
DRN-4552130.txt,"Home Emergency Insurance	",Household and Commercial Property Insurance
DRN-4552330.txt,"Legal Expenses Insurance	",Legal Expenses and Monetary Loss Insurance
DRN-4552382.txt,"Buildings Insurance	",Household and Commercial Property Insurance
DRN-4552622.txt,"Commercial Property Insurance	",Household and Commercial Property Insurance
DRN-4552918.txt,"Travel Insurance	",Travel Insurance Cover
DRN-4553239.txt,"Gadget Insurance	",Personal Belongings Insurance (Standalone)
DRN-4553502.txt,"Travel Insurance	",Travel Insurance Cover
DRN-4554791.txt,"Travel Insurance	",Travel Insurance Cover
DRN-4555415.txt,"Contents Insurance	",Household and Commercial Property Insurance
DRN-4555800.txt,"Commercial Vehicle Insurance	",Motor Insurance
DRN-4555912.txt,"Private Medical or Dental Insurance	",Medical and Travel Insurance
DRN-4556184.txt,"Home Emergency Insurance	",Household and Commercial Property Insurance
DRN-4556796.txt,"Income Protection Insurance	",Medical and Travel Insurance
DRN-4556811.txt,"Private Medical or Dental Insurance	",Medical and Travel Insurance
DRN-4557070.txt,"Roadside Assistance Insurance	",Motor Insurance
DRN-4557075.txt,"Travel Insurance	",Travel Insurance Cover
DRN-4557104.txt,"Home Emergency Insurance	",Household and Commercial Property Insurance
DRN-4557593.txt,"Travel Insurance	",Travel Insurance Cover
DRN-4557650.txt,"Commercial Property Insurance	",Household and Commercial Property Insurance
DRN-4557657.txt,"Commercial Property Insurance	",Household and Commercial Property Insurance
DRN-4557806.txt,"Home Emergency Insurance	",Household and Commercial Property Insurance
DRN-4557820.txt,"Travel Insurance	",Travel Insurance Cover
DRN-4557964.txt,"Private Medical or Dental Insurance	",Medical and Travel Insurance
DRN-4558070.txt,"Home Emergency Insurance	",Household and Commercial Property Insurance
DRN-4558416.txt,"Travel Insurance	",Travel Insurance Cover
DRN-4558704.txt,"Travel Insurance	",Travel Insurance Cover
DRN-4558847.txt,"Travel Insurance	",Travel Insurance Cover
DRN-4558947.txt,"Home Emergency Insurance	",Household and Commercial Property Insurance
DRN-4559747.txt,"Contents Insurance	",Household and Commercial Property Insurance
DRN-4560636.txt,"Travel Insurance	",Travel Insurance Cover
DRN-4561020.txt,"Mobile Phone Insurance	",Personal Belongings Insurance (Standalone)
DRN-4561068.txt,"Motor Warranties	",Motor Insurance
DRN-4561271.txt,"Motor Warranties	",Motor Insurance
DRN-4561332.txt,Breakdown Recovery Policy,Travel Insurance Cover
DRN-4561580.txt,"Legal Expenses Insurance	",Legal Expenses and Monetary Loss Insurance
DRN-4561811.txt,"Private Medical or Dental Insurance	",Medical and Travel Insurance
DRN-4561918.txt,"Pet Insurance	",Animal Insurance
DRN-4562219.txt,"Roadside Assistance Insurance	",Motor Insurance
DRN-4562672.txt,"Home Emergency Insurance	",Household and Commercial Property Insurance
DRN-4563443.txt,"Being categorised	",Being categorised
DRN-4563970.txt,"Motor Warranties	",Motor Insurance
DRN-4564150.txt,"Buildings Insurance	",Household and Commercial Property Insurance
DRN-4564555.txt,"Home Emergency Insurance	",Household and Commercial Property Insurance
DRN-4565018.txt,"Pet Insurance	",Animal Insurance
DRN-4565226.txt,"Legal Expenses Insurance	",Legal Expenses and Monetary Loss Insurance
DRN-4565329.txt,"Commercial Property Insurance	",Household and Commercial Property Insurance
DRN-4565820.txt,"Home Emergency Insurance	",Household and Commercial Property Insurance
DRN-4566251.txt,"Home Emergency Insurance	",Household and Commercial Property Insurance
DRN-4566307.txt,"Buildings Insurance	",Household and Commercial Property Insurance
DRN-4566459.txt,"Travel Insurance	",Travel Insurance Cover
DRN-4566540.txt,"Car or Motorcycle Insurance	",Motor Insurance
DRN-4566651.txt,"Legal Expenses Insurance	",Legal Expenses and Monetary Loss Insurance
DRN-4566714.txt,"Motor Warranties	",Motor Insurance
DRN-4566977.txt,"Travel Insurance	",Travel Insurance Cover
DRN-4566992.txt,"Home Emergency Insurance	",Household and Commercial Property Insurance
DRN-4567258.txt,"Travel Insurance	",Travel Insurance Cover
DRN-4567565.txt,"PPI (Credit Card)	",PPI (Payment Protection Insurance)
DRN-4567834.txt,"Home Emergency Insurance	",Household and Commercial Property Insurance
DRN-4568250.txt,"Mobile Phone Insurance	",Personal Belongings Insurance (Standalone)
DRN-4569041.txt,"Home Emergency Insurance	",Household and Commercial Property Insurance
DRN-4569151.txt,"Business Protection Insurance	",Legal Expenses and Monetary Loss Insurance
DRN-4569181.txt,"Home Emergency Insurance	",Household and Commercial Property Insurance
DRN-4569190.txt,"Legal Expenses Insurance	",Legal Expenses and Monetary Loss Insurance
DRN-4569193.txt,"Home Emergency Insurance	",Household and Commercial Property Insurance
DRN-4569200.txt,"Motor Warranties	",Motor Insurance
DRN-4569271.txt,"Legal Expenses Insurance	",Legal Expenses and Monetary Loss Insurance
DRN-4569423.txt,"Pet Insurance	",Animal Insurance
DRN-4570195.txt,"Horse Insurance	",Animal Insurance
DRN-4570700.txt,"Travel Insurance	",Travel Insurance Cover
DRN-4571432.txt,"Travel Insurance	",Travel Insurance Cover
DRN-4571583.txt,"Motor Warranties	",Motor Insurance
DRN-4571909.txt,"Legal Expenses Insurance	",Legal Expenses and Monetary Loss Insurance
DRN-4572101.txt,"Pet Insurance	",Animal Insurance
DRN-4572138.txt,"Buildings Insurance	",Household and Commercial Property Insurance
DRN-4572385.txt,"GAP (Guaranteed Asset Protection Insurance)	",Motor Insurance
DRN-4572395.txt,"Home Emergency Insurance	",Household and Commercial Property Insurance
DRN-4572692.txt,"Income Protection Insurance	",Medical and Travel Insurance
DRN-4572773.txt,"Buildings Insurance	",Household and Commercial Property Insurance
DRN-4572797.txt,"Income Protection Insurance	",Medical and Travel Insurance
DRN-4572895.txt,"Pet Insurance	",Animal Insurance
DRN-4573500.txt,"Home Emergency Insurance	",Household and Commercial Property Insurance
DRN-4573788.txt,"Travel Insurance	",Travel Insurance Cover
DRN-4574099.txt,"Private Medical or Dental Insurance	",Medical and Travel Insurance
DRN-4574634.txt,"Travel Insurance	",Travel Insurance Cover
DRN-4575010.txt,"Travel Insurance	",Travel Insurance Cover
DRN-4575106.txt,"Home Emergency Insurance	",Household and Commercial Property Insurance
DRN-4575218.txt,"Travel Insurance	",Travel Insurance Cover
DRN-4575270.txt,"Contents Insurance	",Household and Commercial Property Insurance
DRN-4575764.txt,"Travel Insurance	",Travel Insurance Cover
DRN-4575855.txt,"Contents Insurance	",Household and Commercial Property Insurance
DRN-4575900.txt,"Mobile Phone Insurance	",Personal Belongings Insurance (Standalone)
DRN-4576183.txt,"Pet Insurance	",Animal Insurance
DRN-4576486.txt,"Contents Insurance	",Household and Commercial Property Insurance
DRN-4576548.txt,"Buildings Insurance	",Household and Commercial Property Insurance
DRN-4577394.txt,"Mobile Phone Insurance	",Personal Belongings Insurance (Standalone)
DRN-4577443.txt,"Travel Insurance	",Travel Insurance Cover
DRN-4577549.txt,"Contents Insurance	",Household and Commercial Property Insurance
DRN-4578009.txt,"Income Protection Insurance	",Medical and Travel Insurance
DRN-4578018.txt,"Home Emergency Insurance	",Household and Commercial Property Insurance
DRN-4578541.txt,"Mobile Phone Insurance	",Personal Belongings Insurance (Standalone)
DRN-4578592.txt,"Home Emergency Insurance	",Household and Commercial Property Insurance
DRN-4578778.txt,"Roadside Assistance Insurance	",Motor Insurance
DRN-4579661.txt,"Pet Insurance	",Animal Insurance
DRN-4580387.txt,"Gadget Insurance	",Personal Belongings Insurance (Standalone)
DRN-4580475.txt,"Income Protection Insurance	",Medical and Travel Insurance
DRN-4580493.txt,"Travel Insurance	",Travel Insurance Cover
DRN-4580691.txt,"Travel Insurance	",Travel Insurance Cover
DRN-4581759.txt,"Critical Illness Cover	",Life and Critical Illness Cover
DRN-4582036.txt,"Travel Insurance	",Travel Insurance Cover
DRN-4582076.txt,"Home Emergency Insurance	",Household and Commercial Property Insurance
DRN-4582478.txt,"Legal Expenses Insurance	",Legal Expenses and Monetary Loss Insurance
DRN-4582711.txt,"Private Medical or Dental Insurance	",Medical and Travel Insurance
DRN-4582729.txt,"Home Emergency Insurance	",Household and Commercial Property Insurance
DRN-4582797.txt,"Pet Insurance	",Animal Insurance
DRN-4582951.txt,"Home Emergency Insurance	",Household and Commercial Property Insurance
DRN-4584332.txt,"Home Emergency Insurance	",Household and Commercial Property Insurance
DRN-4584378.txt,"Legal Expenses Insurance	",Legal Expenses and Monetary Loss Insurance
DRN-4584461.txt,"Travel Insurance	",Travel Insurance Cover
DRN-4584816.txt,"Home Emergency Insurance	",Household and Commercial Property Insurance
DRN-4585790.txt,"Home Emergency Insurance	",Household and Commercial Property Insurance
DRN-4586266.txt,"Travel Insurance	",Travel Insurance Cover
DRN-4586476.txt,"Mobile Phone Insurance	",Personal Belongings Insurance (Standalone)
DRN-4586565.txt,"Legal Expenses Insurance	",Legal Expenses and Monetary Loss Insurance
DRN-4587101.txt,"Home Emergency Insurance	",Household and Commercial Property Insurance
DRN-4587125.txt,"Travel Insurance	",Travel Insurance Cover
DRN-4587131.txt,"Car or Motorcycle Insurance	",Motor Insurance
DRN-4587203.txt,"Travel Insurance	",Travel Insurance Cover
DRN-4587633.txt,"Legal Expenses Insurance	",Legal Expenses and Monetary Loss Insurance
DRN-4587652.txt,"Pet Insurance	",Animal Insurance
DRN-4587734.txt,"Legal Expenses Insurance	",Legal Expenses and Monetary Loss Insurance
DRN-4587793.txt,"Car or Motorcycle Insurance	",Motor Insurance
DRN-4587885.txt,"Travel Insurance	",Travel Insurance Cover
DRN-4588129.txt,"Home Emergency Insurance	",Household and Commercial Property Insurance
DRN-4588136.txt,"Travel Insurance	",Travel Insurance Cover
DRN-4588181.txt,"Travel Insurance	",Travel Insurance Cover
DRN-4588351.txt,"Legal Expenses Insurance	",Legal Expenses and Monetary Loss Insurance
DRN-4588941.txt,"Home Emergency Insurance	",Household and Commercial Property Insurance
DRN-4588946.txt,"Pet Insurance	",Animal Insurance
DRN-4588955.txt,"Legal Expenses Insurance	",Legal Expenses and Monetary Loss Insurance
DRN-4589027.txt,"Legal Expenses Insurance	",Legal Expenses and Monetary Loss Insurance
DRN-4590049.txt,"Legal Expenses Insurance	",Legal Expenses and Monetary Loss Insurance
DRN-4591405.txt,"Travel Insurance	",Travel Insurance Cover
DRN-4591823.txt,"Home Emergency Insurance	",Household and Commercial Property Insurance
DRN-4592055.txt,"Home Emergency Insurance	",Household and Commercial Property Insurance
DRN-4592110.txt,"Mobile Phone Insurance	",Personal Belongings Insurance (Standalone)
DRN-4592236.txt,"Buildings Insurance	",Household and Commercial Property Insurance
DRN-4592538.txt,"Card Protection Insurance	",Legal Expenses and Monetary Loss Insurance
DRN-4592782.txt,"Home Emergency Insurance	",Household and Commercial Property Insurance
DRN-4593236.txt,"Commercial Property Insurance	",Household and Commercial Property Insurance
DRN-4593519.txt,"Pet Insurance	",Animal Insurance
DRN-4593520.txt,"Home Emergency Insurance	",Household and Commercial Property Insurance
DRN-4594000.txt,"Travel Insurance	",Travel Insurance Cover
DRN-4594193.txt,"Contents Insurance	",Household and Commercial Property Insurance
DRN-4594247.txt,"Mobile Phone Insurance	",Personal Belongings Insurance (Standalone)
DRN-4594391.txt,"Whole of life Assurance (Reviewable - Life Only)	",Life and Critical Illness Cover
DRN-4594392.txt,"Travel Insurance	",Travel Insurance Cover
DRN-4594517.txt,"Legal Expenses Insurance	",Legal Expenses and Monetary Loss Insurance
DRN-4595167.txt,"Home Emergency Insurance	",Household and Commercial Property Insurance
DRN-4595259.txt,"Travel Insurance	",Travel Insurance Cover
DRN-4595489.txt,"Mobile Phone Insurance	",Personal Belongings Insurance (Standalone)
DRN-4596275.txt,"Home Emergency Insurance	",Household and Commercial Property Insurance
DRN-4596444.txt,"Travel Insurance	",Travel Insurance Cover
DRN-4596594.txt,"Buildings Insurance	",Household and Commercial Property Insurance
DRN-4596930.txt,"Mobile Phone Insurance	",Personal Belongings Insurance (Standalone)
DRN-4597548.txt,"Home Emergency Insurance	",Household and Commercial Property Insurance
DRN-4597561.txt,"Rent Protection Insurance	",Legal Expenses and Monetary Loss Insurance
DRN-4597743.txt,"Pet Insurance	",Animal Insurance
DRN-4598984.txt,"Home Emergency Insurance	",Household and Commercial Property Insurance
DRN-4599375.txt,"Pet Insurance	",Animal Insurance
DRN-4600357.txt,"Legal Expenses Insurance	",Legal Expenses and Monetary Loss Insurance
DRN-4600397.txt,"Whole of life Assurance (Reviewable - Life Only)	",Life and Critical Illness Cover
DRN-4600420.txt,"Travel Insurance	",Travel Insurance Cover
DRN-4600587.txt,"Home Emergency Insurance	",Household and Commercial Property Insurance
DRN-4600911.txt,"Legal Expenses Insurance	",Legal Expenses and Monetary Loss Insurance
DRN-4600989.txt,"Private Medical or Dental Insurance	",Medical and Travel Insurance
DRN-4601032.txt,"Contents Insurance	",Household and Commercial Property Insurance
DRN-4601185.txt,"Home Emergency Insurance	",Household and Commercial Property Insurance
DRN-4601792.txt,"Commercial Vehicle Insurance	",Motor Insurance
DRN-4601902.txt,"Home Emergency Insurance	",Household and Commercial Property Insurance
DRN-4602106.txt,"Legal Expenses Insurance	",Legal Expenses and Monetary Loss Insurance
DRN-4602537.txt,"Home Emergency Insurance	",Household and Commercial Property Insurance
DRN-4602583.txt,"Home Emergency Insurance	",Household and Commercial Property Insurance
DRN-4602778.txt,"Income Protection Insurance	",Medical and Travel Insurance
DRN-4602799.txt,"Private Medical or Dental Insurance	",Medical and Travel Insurance
DRN-4602997.txt,"Roadside Assistance Insurance	",Motor Insurance
DRN-4603088.txt,"Contents Insurance	",Household and Commercial Property Insurance
DRN-4603189.txt,"Home Emergency Insurance	",Household and Commercial Property Insurance
DRN-4603201.txt,"Travel Insurance	",Travel Insurance Cover
DRN-4603285.txt,"Private Medical or Dental Insurance	",Medical and Travel Insurance
DRN-4603286.txt,"Travel Insurance	",Travel Insurance Cover
DRN-4603375.txt,"Income Protection Insurance	",Medical and Travel Insurance
DRN-4603439.txt,"Travel Insurance	",Travel Insurance Cover
DRN-4603702.txt,"Buildings Insurance	",Household and Commercial Property Insurance
DRN-4603822.txt,"Private Medical or Dental Insurance	",Medical and Travel Insurance
DRN-4603888.txt,"Home Emergency Insurance	",Household and Commercial Property Insurance
DRN-4603914.txt,"Commercial Vehicle Insurance	",Motor Insurance
DRN-4604308.txt,"Caravan Insurance	",Motor Insurance
DRN-4604440.txt,"Home Emergency Insurance	",Household and Commercial Property Insurance
DRN-4605323.txt,"Travel Insurance	",Travel Insurance Cover
DRN-4605394.txt,"Buildings Insurance	",Household and Commercial Property Insurance
DRN-4605632.txt,"Legal Expenses Insurance	",Legal Expenses and Monetary Loss Insurance
DRN-4605910.txt,"Commercial Property Insurance	",Household and Commercial Property Insurance
DRN-4605989.txt,"Home Emergency Insurance	",Household and Commercial Property Insurance
DRN-4606859.txt,"Travel Insurance	",Travel Insurance Cover
DRN-4607072.txt,"Home Emergency Insurance	",Household and Commercial Property Insurance
DRN-4607516.txt,"Critical Illness Cover	",Life and Critical Illness Cover
DRN-4607833.txt,"Pet Insurance	",Animal Insurance
DRN-4608448.txt,"Home Emergency Insurance	",Household and Commercial Property Insurance
DRN-4610740.txt,"Contents Insurance	",Household and Commercial Property Insurance
DRN-4610766.txt,"Home Emergency Insurance	",Household and Commercial Property Insurance
DRN-4610778.txt,"Home Emergency Insurance	",Household and Commercial Property Insurance
DRN-4610866.txt,"Pet Insurance	",Animal Insurance
DRN-4610938.txt,"Travel Insurance	",Travel Insurance Cover
DRN-4611567.txt,"Travel Insurance	",Travel Insurance Cover
DRN-4612497.txt,"Home Emergency Insurance	",Household and Commercial Property Insurance
DRN-4612835.txt,"Legal Expenses Insurance	",Legal Expenses and Monetary Loss Insurance
DRN-4613006.txt,"Gadget Insurance	",Personal Belongings Insurance (Standalone)
DRN-4613226.txt,"Home Emergency Insurance	",Household and Commercial Property Insurance
DRN-4613556.txt,"Travel Insurance	",Travel Insurance Cover
DRN-4613563.txt,"Travel Insurance	",Travel Insurance Cover
DRN-4614739.txt,"Home Emergency Insurance	",Household and Commercial Property Insurance
DRN-4614943.txt,"Personal Accident Insurance	",Medical and Travel Insurance
DRN-4614972.txt,"Buildings Insurance	",Household and Commercial Property Insurance
DRN-4615022.txt,"Income Protection Insurance	",Medical and Travel Insurance
DRN-4615026.txt,"Travel Insurance	",Travel Insurance Cover
DRN-4615150.txt,"Home Emergency Insurance	",Household and Commercial Property Insurance
DRN-4615308.txt,"Commercial Property Insurance	",Household and Commercial Property Insurance
DRN-4615861.txt,"Motor Warranties	",Motor Insurance
DRN-4616256.txt,"Home Emergency Insurance	",Household and Commercial Property Insurance
DRN-4616611.txt,"Home Emergency Insurance	",Household and Commercial Property Insurance
DRN-4616949.txt,"Home Emergency Insurance	",Household and Commercial Property Insurance
DRN-4617187.txt,"Legal Expenses Insurance	",Legal Expenses and Monetary Loss Insurance
DRN-4617458.txt,"Home Emergency Insurance	",Household and Commercial Property Insurance
DRN-4617569.txt,"Travel Insurance	",Travel Insurance Cover
DRN-4617687.txt,"Home Emergency Insurance	",Household and Commercial Property Insurance
DRN-4617689.txt,"Motor Warranties	",Motor Insurance
DRN-4617828.txt,"Pet Insurance	",Animal Insurance
DRN-4617904.txt,"Travel Insurance	",Travel Insurance Cover
DRN-4617910.txt,"Legal Expenses Insurance	",Legal Expenses and Monetary Loss Insurance
DRN-4618236.txt,"Mobile Phone Insurance	",Personal Belongings Insurance (Standalone)
DRN-4618241.txt,"Travel Insurance	",Travel Insurance Cover
DRN-4619103.txt,"Commercial Property Insurance	",Household and Commercial Property Insurance
DRN-4619181.txt,"Travel Insurance	",Travel Insurance Cover
DRN-4619228.txt,"Card Protection Insurance	",Legal Expenses and Monetary Loss Insurance
DRN-4619933.txt,"Motor Warranties	",Motor Insurance
DRN-4620213.txt,"Travel Insurance	",Travel Insurance Cover
DRN-4620363.txt,"Mobile Phone Insurance	",Personal Belongings Insurance (Standalone)
DRN-4620411.txt,"Income Protection Insurance	",Medical and Travel Insurance
DRN-4620493.txt,"Pet Insurance	",Animal Insurance
DRN-4620939.txt,"Buildings Insurance	",Household and Commercial Property Insurance
DRN-4621463.txt,"Travel Insurance	",Travel Insurance Cover
DRN-4621473.txt,"Travel Insurance	",Travel Insurance Cover
DRN-4621570.txt,"Contents Insurance	",Household and Commercial Property Insurance
DRN-4621772.txt,"Home Emergency Insurance	",Household and Commercial Property Insurance
DRN-4621811.txt,"Travel Insurance	",Travel Insurance Cover
DRN-4621842.txt,"Travel Insurance	",Travel Insurance Cover
DRN-4621862.txt,"Home Emergency Insurance	",Household and Commercial Property Insurance
DRN-4622193.txt,"Mobile Phone Insurance	",Personal Belongings Insurance (Standalone)
DRN-4622298.txt,"Home Emergency Insurance	",Household and Commercial Property Insurance
DRN-4623124.txt,"Whole of life Assurance (Reviewable - Life Only)	",Life and Critical Illness Cover
DRN-4623130.txt,"Mobile Phone Insurance	",Personal Belongings Insurance (Standalone)
DRN-4623484.txt,"Home Emergency Insurance	",Household and Commercial Property Insurance
DRN-4623551.txt,"Legal Expenses Insurance	",Legal Expenses and Monetary Loss Insurance
DRN-4623554.txt,"Travel Insurance	",Travel Insurance Cover
DRN-4624726.txt,"Home Emergency Insurance	",Household and Commercial Property Insurance
DRN-4626120.txt,"Travel Insurance	",Travel Insurance Cover
DRN-4626182.txt,"Critical Illness Cover	",Life and Critical Illness Cover
DRN-4626450.txt,"Buildings Insurance	",Household and Commercial Property Insurance
DRN-4626696.txt,"Travel Insurance	",Travel Insurance Cover
DRN-4627652.txt,"Pet Insurance	",Animal Insurance
DRN-4627778.txt,"Home Emergency Insurance	",Household and Commercial Property Insurance
DRN-4628822.txt,"Pet Insurance	",Animal Insurance
DRN-4629220.txt,"Home Emergency Insurance	",Household and Commercial Property Insurance
DRN-4629251.txt,"Home Emergency Insurance	",Household and Commercial Property Insurance
DRN-4629330.txt,"Home Emergency Insurance	",Household and Commercial Property Insurance
DRN-4629430.txt,"Commercial Vehicle Insurance	",Motor Insurance
DRN-4629506.txt,"Pet Insurance	",Animal Insurance
DRN-4630704.txt,"Travel Insurance	",Travel Insurance Cover
DRN-4630777.txt,"Travel Insurance	",Travel Insurance Cover
DRN-4630797.txt,"Mobile Phone Insurance	",Personal Belongings Insurance (Standalone)
DRN-4631066.txt,"Travel Insurance	",Travel Insurance Cover
DRN-4631098.txt,"Workman's Tools Insurance	",Personal Belongings Insurance (Standalone)
DRN-4631105.txt,"Personal Accident Insurance	",Medical and Travel Insurance
DRN-4631117.txt,"Travel Insurance	",Travel Insurance Cover
DRN-4631144.txt,"Pet Insurance	",Animal Insurance
DRN-4631205.txt,"Home Emergency Insurance	",Household and Commercial Property Insurance
DRN-4632055.txt,"Contents Insurance	",Household and Commercial Property Insurance
DRN-4632192.txt,"Pet Insurance	",Animal Insurance
DRN-4632575.txt,"Travel Insurance	",Travel Insurance Cover
DRN-4632824.txt,"Travel Insurance	",Travel Insurance Cover
DRN-4633144.txt,"Income Protection Insurance	",Medical and Travel Insurance
DRN-4634884.txt,"Travel Insurance	",Travel Insurance Cover
DRN-4635531.txt,"Travel Insurance	",Travel Insurance Cover
DRN-4635541.txt,"Mobile Phone Insurance	",Personal Belongings Insurance (Standalone)
DRN-4635840.txt,"Income Protection Insurance	",Medical and Travel Insurance
DRN-4635909.txt,"Roadside Assistance Insurance	",Motor Insurance
DRN-4636024.txt,"Income Protection Insurance	",Medical and Travel Insurance
DRN-4636030.txt,"Pet Insurance	",Animal Insurance
DRN-4636033.txt,"Whole of Life Assurance (Reviewable)	",Life and Critical Illness Cover
DRN-4636407.txt,"Gadget Insurance	",Personal Belongings Insurance (Standalone)
DRN-4637255.txt,"Legal Expenses Insurance	",Legal Expenses and Monetary Loss Insurance
DRN-4637779.txt,"Travel Insurance	",Travel Insurance Cover
DRN-4637878.txt,"Pet Insurance	",Animal Insurance
DRN-4637899.txt,"Home Emergency Insurance	",Household and Commercial Property Insurance
DRN-4638257.txt,"Pet Insurance	",Animal Insurance
DRN-4638261.txt,"Home Emergency Insurance	",Household and Commercial Property Insurance
DRN-4638420.txt,"Home Emergency Insurance	",Household and Commercial Property Insurance
DRN-4640272.txt,"Income Protection Insurance	",Medical and Travel Insurance
DRN-4640285.txt,"Legal Expenses Insurance	",Legal Expenses and Monetary Loss Insurance
DRN-4640795.txt,"Pet Insurance	",Animal Insurance
DRN-4640908.txt,"Roadside Assistance Insurance	",Motor Insurance
DRN-4641039.txt,"Legal Expenses Insurance	",Legal Expenses and Monetary Loss Insurance
DRN-4641098.txt,"Home Emergency Insurance	",Household and Commercial Property Insurance
DRN-4641278.txt,"Household Warranties	",Household and Commercial Property Insurance
DRN-4641558.txt,"Private Medical or Dental Insurance	",Medical and Travel Insurance
DRN-4641601.txt,"Commercial Property Insurance	",Household and Commercial Property Insurance
DRN-4641933.txt,"Personal Accident Insurance	",Medical and Travel Insurance
DRN-4643153.txt,"Pet Insurance	",Animal Insurance
DRN-4644157.txt,"Critical Illness Cover	",Life and Critical Illness Cover
DRN-4644171.txt,"Business Protection Insurance	",Legal Expenses and Monetary Loss Insurance
DRN-4644204.txt,"Travel Insurance	",Travel Insurance Cover
DRN-4644406.txt,"Home Emergency Insurance	",Household and Commercial Property Insurance
DRN-4644512.txt,"Legal Expenses Insurance	",Legal Expenses and Monetary Loss Insurance
DRN-4644765.txt,"Personal Accident Insurance	",Medical and Travel Insurance
DRN-4644953.txt,"Marine Insurance	",Household and Commercial Property Insurance
DRN-4645158.txt,"Travel Insurance	",Travel Insurance Cover
DRN-4645272.txt,"Personal Accident Insurance	",Medical and Travel Insurance
DRN-4646293.txt,"Critical Illness Cover	",Life and Critical Illness Cover
DRN-4646405.txt,"Pet Insurance	",Animal Insurance
DRN-4646475.txt,"Buildings Insurance	",Household and Commercial Property Insurance
DRN-4646962.txt,"Commercial Vehicle Insurance	",Motor Insurance
DRN-4647097.txt,"Travel Insurance	",Travel Insurance Cover
DRN-4647472.txt,"Travel Insurance	",Travel Insurance Cover
DRN-4647480.txt,"Private Medical or Dental Insurance	",Medical and Travel Insurance
DRN-4648472.txt,"Buildings Insurance	",Household and Commercial Property Insurance
DRN-4648965.txt,"Home Emergency Insurance	",Household and Commercial Property Insurance
DRN-4649587.txt,"Legal Expenses Insurance	",Legal Expenses and Monetary Loss Insurance
DRN-4649858.txt,"GAP (Guaranteed Asset Protection Insurance)	",Motor Insurance
DRN-4650253.txt,"Pet Insurance	",Animal Insurance
DRN-4650950.txt,"Home Emergency Insurance	",Household and Commercial Property Insurance
DRN-4651447.txt,"Home Emergency Insurance	",Household and Commercial Property Insurance
DRN-4651739.txt,"Buildings Insurance	",Household and Commercial Property Insurance
DRN-4651764.txt,"Home Emergency Insurance	",Household and Commercial Property Insurance
DRN-4652575.txt,"Legal Expenses Insurance	",Legal Expenses and Monetary Loss Insurance
DRN-4652778.txt,"Critical Illness Cover	",Life and Critical Illness Cover
DRN-4653805.txt,"Home Emergency Insurance	",Household and Commercial Property Insurance
DRN-4654130.txt,"Commercial Property Insurance	",Household and Commercial Property Insurance
DRN-4655788.txt,"Income Protection Insurance	",Medical and Travel Insurance
DRN-4656617.txt,"Travel Insurance	",Travel Insurance Cover
DRN-4656654.txt,"Legal Expenses Insurance	",Legal Expenses and Monetary Loss Insurance
DRN-4656830.txt,"Travel Insurance	",Travel Insurance Cover
DRN-4657393.txt,"Commercial Property Insurance	",Household and Commercial Property Insurance
DRN-4657512.txt,"Travel Insurance	",Travel Insurance Cover
DRN-4657806.txt,"Roadside Assistance Insurance	",Motor Insurance
DRN-4657820.txt,"Travel Insurance	",Travel Insurance Cover
DRN-4658914.txt,"Travel Insurance	",Travel Insurance Cover
DRN-4659107.txt,"Buildings Insurance	",Household and Commercial Property Insurance
DRN-4659175.txt,"Legal Expenses Insurance	",Legal Expenses and Monetary Loss Insurance
DRN-4659432.txt,"Home Emergency Insurance	",Household and Commercial Property Insurance
DRN-4659573.txt,"Private Medical or Dental Insurance	",Medical and Travel Insurance
DRN-4660418.txt,"Income Protection Insurance	",Medical and Travel Insurance
DRN-4660498.txt,"Travel Insurance	",Travel Insurance Cover
DRN-4660584.txt,"Mobile Phone Insurance	",Personal Belongings Insurance (Standalone)
DRN-4660600.txt,"Mobile Phone Insurance	",Personal Belongings Insurance (Standalone)
DRN-4660766.txt,"Contents Insurance	",Household and Commercial Property Insurance
DRN-4660834.txt,"Pet Insurance	",Animal Insurance
DRN-4660899.txt,"Home Emergency Insurance	",Household and Commercial Property Insurance
DRN-4660909.txt,"Home Emergency Insurance	",Household and Commercial Property Insurance
DRN-4662060.txt,"Home Emergency Insurance	",Household and Commercial Property Insurance
DRN-4664274.txt,"Home Emergency Insurance	",Household and Commercial Property Insurance
DRN-4664384.txt,"Tax Liability Insurance	",Legal Expenses and Monetary Loss Insurance
DRN-4664463.txt,"Income Protection Insurance	",Medical and Travel Insurance
DRN-4664659.txt,"Contents Insurance	",Household and Commercial Property Insurance
DRN-4665537.txt,"Business Protection Insurance	",Legal Expenses and Monetary Loss Insurance
DRN-4665767.txt,"Mobile Phone Insurance	",Personal Belongings Insurance (Standalone)
DRN-4666080.txt,"Home Emergency Insurance	",Household and Commercial Property Insurance
DRN-4666560.txt,"Travel Insurance	",Travel Insurance Cover
DRN-4666602.txt,"Legal Expenses Insurance	",Legal Expenses and Monetary Loss Insurance
DRN-4667223.txt,"Travel Insurance	",Travel Insurance Cover
DRN-4667540.txt,"Pet Insurance	",Animal Insurance
DRN-4667716.txt,"Legal Expenses Insurance	",Legal Expenses and Monetary Loss Insurance
DRN-4667869.txt,"Private Medical or Dental Insurance	",Medical and Travel Insurance
DRN-4668209.txt,"Private Medical or Dental Insurance	",Medical and Travel Insurance
DRN-4669215.txt,"Travel Insurance	",Travel Insurance Cover
DRN-4670018.txt,"Home Emergency Insurance	",Household and Commercial Property Insurance
DRN-4670148.txt,"Home Emergency Insurance	",Household and Commercial Property Insurance
DRN-4670155.txt,"Tax Liability Insurance	",Legal Expenses and Monetary Loss Insurance
DRN-4670716.txt,"Travel Insurance	",Travel Insurance Cover
DRN-4670867.txt,"Critical Illness Cover	",Life and Critical Illness Cover
DRN-4670907.txt,"Contents Insurance	",Household and Commercial Property Insurance
DRN-4670945.txt,"Travel Insurance	",Travel Insurance Cover
DRN-4672720.txt,"Travel Insurance	",Travel Insurance Cover
DRN-4672871.txt,"Travel Insurance	",Travel Insurance Cover
DRN-4673316.txt,"Pet Insurance	",Animal Insurance
DRN-4673361.txt,"Whole of life Assurance (Reviewable - Life Only)	",Life and Critical Illness Cover
DRN-4673586.txt,"Travel Insurance	",Travel Insurance Cover
DRN-4673623.txt,"Private Medical or Dental Insurance	",Medical and Travel Insurance
DRN-4674721.txt,"Travel Insurance	",Travel Insurance Cover
DRN-4675065.txt,"Home Emergency Insurance	",Household and Commercial Property Insurance
DRN-4676116.txt,"Travel Insurance	",Travel Insurance Cover
DRN-4676124.txt,"Buildings Insurance	",Household and Commercial Property Insurance
DRN-4676274.txt,"Pet Insurance	",Animal Insurance
DRN-4676502.txt,"Buildings Insurance	",Household and Commercial Property Insurance
DRN-4676580.txt,"Pet Insurance	",Animal Insurance
DRN-4676993.txt,"Travel Insurance	",Travel Insurance Cover
DRN-4677292.txt,"Motor Warranties	",Motor Insurance
DRN-4677733.txt,"Legal Expenses Insurance	",Legal Expenses and Monetary Loss Insurance
DRN-4677999.txt,"Travel Insurance	",Travel Insurance Cover
DRN-4678019.txt,"Travel Insurance	",Travel Insurance Cover
DRN-4678107.txt,"Motor Warranties	",Motor Insurance
DRN-4679267.txt,"Pet Insurance	",Animal Insurance
DRN-4679841.txt,"Income Protection Insurance	",Medical and Travel Insurance
DRN-4680408.txt,"Commercial Property Insurance	",Household and Commercial Property Insurance
DRN-4680545.txt,"Commercial Property Insurance	",Household and Commercial Property Insurance
DRN-4680746.txt,"Travel Insurance	",Travel Insurance Cover
DRN-4680847.txt,"Whole of Life Assurance (Reviewable)	",Life and Critical Illness Cover
DRN-4681064.txt,"Car or Motorcycle Insurance	",Motor Insurance
DRN-4681173.txt,"Commercial Property Insurance	",Household and Commercial Property Insurance
DRN-4681305.txt,"Legal Expenses Insurance	",Legal Expenses and Monetary Loss Insurance
DRN-4681886.txt,"Buildings Insurance	",Household and Commercial Property Insurance
DRN-4682041.txt,"Legal Expenses Insurance	",Legal Expenses and Monetary Loss Insurance
DRN-4682453.txt,"Pet Insurance	",Animal Insurance
DRN-4684832.txt,"Pet Insurance	",Animal Insurance
DRN-4685289.txt,"Travel Insurance	",Travel Insurance Cover
DRN-4685742.txt,"Travel Insurance	",Travel Insurance Cover
DRN-4685798.txt,"Roadside Assistance Insurance	",Motor Insurance
DRN-4685799.txt,"Whole of Life Assurance (Reviewable)	",Life and Critical Illness Cover
DRN-4686818.txt,"Buildings Insurance	",Household and Commercial Property Insurance
DRN-4686932.txt,"Travel Insurance	",Travel Insurance Cover
DRN-4687673.txt,"Marine Insurance	",Household and Commercial Property Insurance
DRN-4688502.txt,"Commercial Property Insurance	",Household and Commercial Property Insurance
DRN-4688962.txt,"Travel Insurance	",Travel Insurance Cover
DRN-4689143.txt,"Private Medical or Dental Insurance	",Medical and Travel Insurance
DRN-4689368.txt,"Home Emergency Insurance	",Household and Commercial Property Insurance
DRN-4689410.txt,"Household Warranties	",Household and Commercial Property Insurance
DRN-4689526.txt,"Travel Insurance	",Travel Insurance Cover
DRN-4690458.txt,"Home Emergency Insurance	",Household and Commercial Property Insurance
DRN-4690958.txt,"Private Medical or Dental Insurance	",Medical and Travel Insurance
DRN-4692095.txt,"Personal Accident Insurance	",Medical and Travel Insurance
DRN-4692131.txt,"Roadside Assistance Insurance	",Motor Insurance
DRN-4692163.txt,"Critical Illness Cover	",Life and Critical Illness Cover
DRN-4692576.txt,"Buildings Insurance	",Household and Commercial Property Insurance
DRN-4694536.txt,"Buildings Insurance	",Household and Commercial Property Insurance
DRN-4695337.txt,"Travel Insurance	",Travel Insurance Cover
DRN-4695993.txt,"Travel Insurance	",Travel Insurance Cover
DRN-4696068.txt,"Contents Insurance	",Household and Commercial Property Insurance
DRN-4697923.txt,"Commercial Vehicle Insurance	",Motor Insurance
DRN-4698869.txt,"Travel Insurance	",Travel Insurance Cover
DRN-4698896.txt,"Travel Insurance	",Travel Insurance Cover
DRN-4702135.txt,"Term Assurance (Life Only)	",Life and Critical Illness Cover
DRN-4703020.txt,"Pet Insurance	",Animal Insurance
DRN-4703528.txt,"Pet Insurance	",Animal Insurance
DRN-4704740.txt,"Travel Insurance	",Travel Insurance Cover
DRN-4704763.txt,"Commercial Property Insurance	",Household and Commercial Property Insurance
DRN-4705655.txt,"Building Guarantees	",Household and Commercial Property Insurance
DRN-4705988.txt,"Mobile Phone Insurance	",Personal Belongings Insurance (Standalone)
DRN-4706195.txt,"Home Emergency Insurance	",Household and Commercial Property Insurance
DRN-4706527.txt,"Travel Insurance	",Travel Insurance Cover
DRN-4706772.txt,"Pet Insurance	",Animal Insurance
DRN-4708012.txt,"Personal Accident Insurance	",Medical and Travel Insurance
DRN-4708199.txt,"Motor Warranties	",Motor Insurance
DRN-4708216.txt,"Travel Insurance	",Travel Insurance Cover
DRN-4709162.txt,"Travel Insurance	",Travel Insurance Cover
DRN-4710042.txt,"Motor Warranties	",Motor Insurance
DRN-4710274.txt,"Commercial Property Insurance	",Household and Commercial Property Insurance
DRN-4713225.txt,"Travel Insurance	",Travel Insurance Cover
DRN-4713369.txt,"Pet Insurance	",Animal Insurance
DRN-4713509.txt,"Buildings Insurance	",Household and Commercial Property Insurance
DRN-4714704.txt,"Motor Warranties	",Motor Insurance
DRN-4315196.txt,"Commercial Property Insurance	",Household and Commercial Property Insurance
DRN-4323393.txt,"Gadget Insurance	",Personal Belongings Insurance (Standalone)
DRN-4363050.txt,"Buildings Insurance	",Household and Commercial Property Insurance
DRN-4467271.txt,"Whole of life Assurance (Reviewable - Life Only)	",Life and Critical Illness Cover
DRN-4474758.txt,"Buildings Insurance	",Household and Commercial Property Insurance
DRN-4512482.txt,"Home Emergency Insurance	",Household and Commercial Property Insurance
DRN-4514349.txt,"Travel Insurance	",Travel Insurance Cover
DRN-4516103.txt,"Buildings Insurance	",Household and Commercial Property Insurance
DRN-4516775.txt,"Commercial Property Insurance	",Household and Commercial Property Insurance
DRN-4517892.txt,"Buildings Insurance	",Household and Commercial Property Insurance
DRN-4541175.txt,"Buildings Insurance	",Household and Commercial Property Insurance
DRN-4552609.txt,"Commercial Property Insurance	",Household and Commercial Property Insurance
DRN-4567031.txt,"Private Medical or Dental Insurance	",Medical and Travel Insurance
DRN-4570381.txt,"Home Insurance	",Household and Commercial Property Insurance
DRN-4593479.txt,Home and lifestyle insurance policy,Household and Commercial Property Insurance
DRN-4596243.txt,"Marine Insurance	",Household and Commercial Property Insurance
DRN-4600902.txt,"Commercial Vehicle Insurance	",Motor Insurance
DRN-4611682.txt,"Legal Expenses Insurance	",Legal Expenses and Monetary Loss Insurance
DRN-4616292.txt,"Home Emergency Insurance	",Household and Commercial Property Insurance
DRN-4624359.txt,"Car or Motorcycle Insurance	",Motor Insurance
DRN-4629539.txt,"Pet Insurance	",Animal Insurance
DRN-4629547.txt,"Legal Expenses Insurance	",Legal Expenses and Monetary Loss Insurance
DRN-4630042.txt,"Travel Insurance	",Travel Insurance Cover
DRN-4632528.txt,"Commercial Property Insurance	",Household and Commercial Property Insurance
DRN-4632828.txt,"Pet Insurance	",Animal Insurance
DRN-4634828.txt,"Income Protection Insurance	",Medical and Travel Insurance
DRN-4635616.txt,"Motor Warranties	",Motor Insurance
DRN-4637133.txt,"Term Assurance (Life Only)	",Life and Critical Illness Cover
DRN-4637962.txt,"Motor Warranties	",Motor Insurance
DRN-4638966.txt,"Whole of life Assurance (Reviewable - Life Only)	",Life and Critical Illness Cover
DRN-4640475.txt,"Travel Insurance	",Travel Insurance Cover
DRN-4641509.txt,"Buildings Insurance	",Household and Commercial Property Insurance
DRN-4644102.txt,"Buildings Insurance	",Household and Commercial Property Insurance
DRN-4645773.txt,"Private Medical or Dental Insurance	",Medical and Travel Insurance
DRN-4647257.txt,"Contents Insurance	",Household and Commercial Property Insurance
DRN-4647966.txt,"Building Guarantees	",Household and Commercial Property Insurance
DRN-4648356.txt,"Home Insurance	",Household and Commercial Property Insurance
DRN-4649212.txt,"Car or Motorcycle Insurance	",Motor Insurance
DRN-4650441.txt,"Home Emergency Insurance	",Household and Commercial Property Insurance
DRN-4652987.txt,"Gadget Insurance	",Personal Belongings Insurance (Standalone)
DRN-4654280.txt,"Legal Expenses Insurance	",Legal Expenses and Monetary Loss Insurance
DRN-4655466.txt,"Income Protection Insurance	",Medical and Travel Insurance
DRN-4658612.txt,"Legal Expenses Insurance	",Legal Expenses and Monetary Loss Insurance
DRN-4659239.txt,"Commercial Property Insurance	",Household and Commercial Property Insurance
DRN-4661480.txt,"Private Medical or Dental Insurance	",Medical and Travel Insurance
DRN-4661549.txt,"Home Emergency Insurance	",Household and Commercial Property Insurance
DRN-4664497.txt,"Personal Accident Insurance	",Medical and Travel Insurance
DRN-4666958.txt,"Commercial Vehicle Insurance	",Motor Insurance
DRN-4667427.txt,"Motor Warranties	",Motor Insurance
DRN-4668434.txt,"Private Medical or Dental Insurance	",Medical and Travel Insurance
DRN-4668602.txt,"Critical Illness Cover	",Life and Critical Illness Cover
DRN-4668852.txt,"Legal Expenses Insurance	",Legal Expenses and Monetary Loss Insurance
DRN-4669325.txt,"Travel Insurance	",Travel Insurance Cover
DRN-4670413.txt,"Car or Motorcycle Insurance	",Motor Insurance
DRN-4672486.txt,"Building Guarantees	",Household and Commercial Property Insurance
DRN-4673873.txt,"Motor Warranties	",Motor Insurance
DRN-4674582.txt,"Bicycle Insurance	",Personal Belongings Insurance (Standalone)
DRN-4674591.txt,Motor Insurance,Motor Insurance
DRN-4675311.txt,"Mobile Phone Insurance	",Personal Belongings Insurance (Standalone)
DRN-4675479.txt,"Term Assurance	",Life and Critical Illness Cover
DRN-4675533.txt,"Commercial Property Insurance	",Household and Commercial Property Insurance
DRN-4676443.txt,"Legal Expenses Insurance	",Legal Expenses and Monetary Loss Insurance
DRN-4676916.txt,Motor Insurance,Motor Insurance
DRN-4677815.txt,"Legal Expenses Insurance	",Legal Expenses and Monetary Loss Insurance
DRN-4678277.txt,"Commercial Vehicle Insurance	",Motor Insurance
DRN-4679747.txt,"Travel Insurance	",Travel Insurance Cover
DRN-4679776.txt,"Rent Protection Insurance	",Legal Expenses and Monetary Loss Insurance
DRN-4683049.txt,"Buildings Insurance	",Household and Commercial Property Insurance
DRN-4684537.txt,"Travel Insurance	",Travel Insurance Cover
DRN-4685237.txt,"Covenant Indemnity Insurance	",Legal Expenses and Monetary Loss Insurance
DRN-4685678.txt,"Travel Insurance	",Travel Insurance Cover
DRN-4685916.txt,"Travel Insurance	",Travel Insurance Cover
DRN-4686053.txt,"Pet Insurance	",Animal Insurance
DRN-4686207.txt,"Commercial Vehicle Insurance	",Motor Insurance
DRN-4686313.txt,"Travel Insurance	",Travel Insurance Cover
DRN-4687000.txt,"Home Insurance	",Household and Commercial Property Insurance
DRN-4687277.txt,"Travel Insurance	",Travel Insurance Cover
DRN-4687672.txt,"Home Emergency Insurance	",Household and Commercial Property Insurance
DRN-4688022.txt,"Commercial Legal Expenses Insurance	",Legal Expenses and Monetary Loss Insurance
DRN-4689577.txt,"Legal Expenses Insurance	",Legal Expenses and Monetary Loss Insurance
DRN-4690221.txt,"Buildings Insurance	",Household and Commercial Property Insurance
DRN-4691935.txt,"Travel Insurance	",Travel Insurance Cover
DRN-4692673.txt,"Home Emergency Insurance	",Household and Commercial Property Insurance
DRN-4694538.txt,Motor Insurance,Motor Insurance
DRN-4694650.txt,"Car or Motorcycle Insurance	",Motor Insurance
DRN-4695066.txt,"Travel Insurance	",Travel Insurance Cover
DRN-4695208.txt,"Commercial Property Insurance	",Household and Commercial Property Insurance
DRN-4695321.txt,"Buildings Insurance	",Household and Commercial Property Insurance
DRN-4696358.txt,"Mobile Phone Insurance	",Personal Belongings Insurance (Standalone)
DRN-4696881.txt,"Private Medical or Dental Insurance	",Medical and Travel Insurance
DRN-4697578.txt,"Income Protection Insurance	",Medical and Travel Insurance
DRN-4697654.txt,"Buildings Insurance	",Household and Commercial Property Insurance
DRN-4697916.txt,"Legal Expenses Insurance	",Legal Expenses and Monetary Loss Insurance
DRN-4698021.txt,"Commercial Property Insurance	",Household and Commercial Property Insurance
DRN-4698340.txt,"Motor Warranties	",Motor Insurance
DRN-4699237.txt,"Pet Insurance	",Animal Insurance
DRN-4701558.txt,"Buildings Insurance	",Household and Commercial Property Insurance
DRN-4702160.txt,"Travel Insurance	",Travel Insurance Cover
DRN-4702601.txt,"Contents Insurance	",Household and Commercial Property Insurance
DRN-4702602.txt,"Motor Warranties	",Motor Insurance
DRN-4703383.txt,"Buildings Insurance	",Household and Commercial Property Insurance
DRN-4703510.txt,"Home Emergency Insurance	",Household and Commercial Property Insurance
DRN-4704246.txt,"Commercial Property Insurance	",Household and Commercial Property Insurance
DRN-4704292.txt,"Pet Insurance	",Animal Insurance
DRN-4704513.txt,"Home Emergency Insurance	",Household and Commercial Property Insurance
DRN-4705099.txt,"Buildings Insurance	",Household and Commercial Property Insurance
DRN-4705119.txt,"Buildings Insurance	",Household and Commercial Property Insurance
DRN-4705246.txt,"Private Medical or Dental Insurance	",Medical and Travel Insurance
DRN-4705797.txt,"Income Protection Insurance	",Medical and Travel Insurance
DRN-4706583.txt,"Buildings Insurance	",Household and Commercial Property Insurance
DRN-4706644.txt,"Private Medical or Dental Insurance	",Medical and Travel Insurance
DRN-4707248.txt,"Travel Insurance	",Travel Insurance Cover
DRN-4707637.txt,"Legal Expenses Insurance	",Legal Expenses and Monetary Loss Insurance
DRN-4709420.txt,"Whole of life Assurance (Non-reviewable)	",Life and Critical Illness Cover
DRN-4710349.txt,"Legal Expenses Insurance	",Legal Expenses and Monetary Loss Insurance
DRN-4711524.txt,"Income Protection Insurance	",Medical and Travel Insurance
DRN-4711735.txt,"Income Protection Insurance	",Medical and Travel Insurance
DRN-4711888.txt,"Legal Expenses Insurance	",Legal Expenses and Monetary Loss Insurance
DRN-4712045.txt,"Buildings Insurance	",Household and Commercial Property Insurance
DRN-4712678.txt,"Travel Insurance	",Travel Insurance Cover
DRN-4713551.txt,"Mobile Phone Insurance	",Personal Belongings Insurance (Standalone)
DRN-4714416.txt,"Caravan Insurance	",Motor Insurance
DRN-4715112.txt,"Legal Expenses Insurance	",Legal Expenses and Monetary Loss Insurance
DRN-4715375.txt,"Contents Insurance	",Household and Commercial Property Insurance
DRN-4715662.txt,"Legal Expenses Insurance	",Legal Expenses and Monetary Loss Insurance
DRN-4715674.txt,"Travel Expenses Insurance	",Travel Insurance Cover
DRN-4715939.txt,"Income Protection Insurance	",Medical and Travel Insurance
DRN-4716015.txt,"Home Emergency Insurance	",Household and Commercial Property Insurance
DRN-4716407.txt,"Buildings Insurance	",Household and Commercial Property Insurance
DRN-4716647.txt,"Caravan Insurance	",Motor Insurance
DRN-4716829.txt,"Contents Insurance	",Household and Commercial Property Insurance
DRN-4716870.txt,"Contents Insurance	",Household and Commercial Property Insurance
DRN-4716911.txt,"Pet Insurance	",Animal Insurance
DRN-4716914.txt,"Pet Insurance	",Animal Insurance
DRN-4716987.txt,Van Insurance,Motor Insurance
DRN-4717174.txt,"Term Assurance	",Life and Critical Illness Cover
DRN-4717338.txt,"Contents Insurance	",Household and Commercial Property Insurance
DRN-4717581.txt,"Home Emergency Insurance	",Household and Commercial Property Insurance
DRN-4718559.txt,"Legal Expenses Insurance	",Legal Expenses and Monetary Loss Insurance
DRN-4719007.txt,"Commercial Property Insurance	",Household and Commercial Property Insurance
DRN-4719061.txt,"Commercial Property Insurance	",Household and Commercial Property Insurance
DRN-4719361.txt,"Travel Insurance	",Travel Insurance Cover
DRN-4719446.txt,"Legal Expenses Insurance	",Legal Expenses and Monetary Loss Insurance
DRN-4719516.txt,"Travel Insurance	",Travel Insurance Cover
DRN-4719544.txt,"Term Assurance	",Life and Critical Illness Cover
DRN-4719909.txt,"Travel Insurance	",Travel Insurance Cover
DRN-4720046.txt,"Contents Insurance	",Household and Commercial Property Insurance
DRN-4720954.txt,"Travel Insurance	",Travel Insurance Cover
DRN-4721300.txt,"Motor Warranties	",Motor Insurance
DRN-4721405.txt,"Income Protection Insurance	",Medical and Travel Insurance
DRN-4721670.txt,"Critical Illness Policy	",Life and Critical Illness Cover
DRN-4721820.txt,"Pet Insurance	",Animal Insurance
DRN-4722145.txt,"Travel Insurance	",Travel Insurance Cover
DRN-4722270.txt,"Contents Insurance	",Household and Commercial Property Insurance
DRN-4722824.txt,"Private Medical or Dental Insurance	",Medical and Travel Insurance
DRN-4722827.txt,"Whole of life Assurance (Non-reviewable)	",Life and Critical Illness Cover
DRN-4724016.txt,"Contents Insurance	",Household and Commercial Property Insurance
DRN-4724911.txt,"Business Protection Insurance	",Legal Expenses and Monetary Loss Insurance
DRN-4725441.txt,"Commercial Vehicle Insurance	",Motor Insurance
DRN-4728070.txt,"Jewellery Insurance	",Personal Belongings Insurance (Standalone)
DRN-4728088.txt,"Pet Insurance	",Animal Insurance
DRN-4728115.txt,"Motor Warranties	",Motor Insurance
DRN-4728910.txt,"Pet Insurance	",Animal Insurance
DRN-4728924.txt,"Business Protection Insurance	",Legal Expenses and Monetary Loss Insurance
DRN-4729081.txt,"Travel Insurance	",Travel Insurance Cover
DRN-4729127.txt,"Home Emergency Insurance	",Household and Commercial Property Insurance
DRN-4729431.txt,"Legal Expenses Insurance	",Legal Expenses and Monetary Loss Insurance
DRN-4729622.txt,"Travel Insurance	",Travel Insurance Cover
DRN-4730189.txt,"Pet Insurance	",Animal Insurance
DRN-4730409.txt,"Private Medical or Dental Insurance	",Medical and Travel Insurance
DRN-4730514.txt,"Commercial Property Insurance	",Household and Commercial Property Insurance
DRN-4731589.txt,"Roadside Assistance Insurance	",Motor Insurance
DRN-4731616.txt,"Commercial Property Insurance	",Household and Commercial Property Insurance
DRN-4731697.txt,"Travel Insurance	",Travel Insurance Cover
DRN-4732193.txt,"Private Medical or Dental Insurance	",Medical and Travel Insurance
DRN-4732288.txt,"Pet Insurance	",Animal Insurance
DRN-4733122.txt,"Whole of life Assurance (Reviewable - Life Only)	",Life and Critical Illness Cover
DRN-4734679.txt,"Private Medical or Dental Insurance	",Medical and Travel Insurance
DRN-4734746.txt,"Travel Insurance	",Travel Insurance Cover
DRN-4734864.txt,"Critical Illness Cover	",Life and Critical Illness Cover
DRN-4734988.txt,"Travel Insurance	",Travel Insurance Cover
DRN-4735139.txt,"Travel Insurance	",Travel Insurance Cover
DRN-4736948.txt,"Whole of Life Assurance (Reviewable)	",Life and Critical Illness Cover
DRN-4737029.txt,"Travel Insurance	",Travel Insurance Cover
DRN-4737619.txt,"Critical Illness Policy	",Life and Critical Illness Cover
DRN-4737717.txt,"Legal Expenses Insurance	",Legal Expenses and Monetary Loss Insurance
DRN-4738223.txt,"Legal Expenses Insurance	",Legal Expenses and Monetary Loss Insurance
DRN-4738227.txt,"Travel Insurance	",Travel Insurance Cover
DRN-4738815.txt,"Motor Warranties	",Motor Insurance
DRN-4739056.txt,"Private Medical or Dental Insurance	",Medical and Travel Insurance
DRN-4739164.txt,"Private Medical or Dental Insurance	",Medical and Travel Insurance
DRN-4739264.txt,"Travel Insurance	",Travel Insurance Cover
DRN-4739394.txt,"PPI (Mortgage)	",PPI (Payment Protection Insurance)
DRN-4739461.txt,"Car or Motorcycle Insurance	",Motor Insurance
DRN-4740929.txt,"Home Insurance	",Household and Commercial Property Insurance
DRN-4741450.txt,"Commercial Vehicle Insurance	",Motor Insurance
DRN-4741530.txt,"Travel Insurance	",Travel Insurance Cover
DRN-4741680.txt,"Travel Insurance	",Travel Insurance Cover
DRN-4742637.txt,"Legal Expenses Insurance	",Legal Expenses and Monetary Loss Insurance
DRN-4742770.txt,"Travel Insurance	",Travel Insurance Cover
DRN-4743343.txt,"Caravan Insurance	",Motor Insurance
DRN-4743726.txt,"Travel Insurance	",Travel Insurance Cover
DRN-4744346.txt,"Commercial Property Insurance	",Household and Commercial Property Insurance
DRN-4744599.txt,"Pet Insurance	",Animal Insurance
DRN-4745260.txt,"Motor Warranties	",Motor Insurance
DRN-4745394.txt,"Legal Expenses Insurance	",Legal Expenses and Monetary Loss Insurance
DRN-4746280.txt,"Buildings Insurance	",Household and Commercial Property Insurance
DRN-4746321.txt,"Travel Insurance	",Travel Insurance Cover
DRN-4746645.txt,"Pet Insurance	",Animal Insurance
DRN-4747924.txt,"Private Medical or Dental Insurance	",Medical and Travel Insurance
DRN-4748610.txt,"Commercial Property Insurance	",Household and Commercial Property Insurance
DRN-4748726.txt,"Travel Insurance	",Travel Insurance Cover
DRN-4748736.txt,"Commercial Property Insurance	",Household and Commercial Property Insurance
DRN-4748785.txt,"Travel Insurance	",Travel Insurance Cover
DRN-4749052.txt,"Motor Warranties	",Motor Insurance
DRN-4749499.txt,"Private Medical or Dental Insurance	",Medical and Travel Insurance
DRN-4750527.txt,"Buildings Insurance	",Household and Commercial Property Insurance
DRN-4750601.txt,"Motor Warranties	",Motor Insurance
DRN-4751247.txt,Life and Critical Illness Cover Policy,Life and Critical Illness Cover
DRN-4752554.txt,"Buildings Insurance	",Household and Commercial Property Insurance
DRN-4752730.txt,"Critical Illness Policy	",Life and Critical Illness Cover
DRN-4753313.txt,"Term Assurance	",Life and Critical Illness Cover
DRN-4753323.txt,"Travel Insurance	",Travel Insurance Cover
DRN-4754818.txt,"Legal Expenses Insurance	",Legal Expenses and Monetary Loss Insurance
DRN-4754981.txt,"Pet Insurance	",Animal Insurance
DRN-4755157.txt,"Travel Insurance	",Travel Insurance Cover
DRN-4755338.txt,"Motor Warranties	",Motor Insurance
DRN-4755343.txt,"Building Guarantees	",Household and Commercial Property Insurance
DRN-4755574.txt,"Pet Insurance	",Animal Insurance
DRN-4756815.txt,"Travel Insurance	",Travel Insurance Cover
DRN-4757323.txt,"Home Emergency Insurance	",Household and Commercial Property Insurance
DRN-4757510.txt,"Home Emergency Insurance	",Household and Commercial Property Insurance
DRN-4759635.txt,"Private Medical or Dental Insurance	",Medical and Travel Insurance
DRN-4760633.txt,"Home Insurance	",Household and Commercial Property Insurance
DRN-4760723.txt,"Roadside Assistance Insurance	",Motor Insurance
DRN-4761034.txt,"Private Medical or Dental Insurance	",Medical and Travel Insurance
DRN-4761256.txt,"Pet Insurance	",Animal Insurance
DRN-4761450.txt,"Mobile Phone Insurance	",Personal Belongings Insurance (Standalone)
DRN-4761454.txt,"Motor Warranties	",Motor Insurance
DRN-4761748.txt,"Travel Insurance	",Travel Insurance Cover
DRN-4763033.txt,"Contents Insurance	",Household and Commercial Property Insurance
DRN-4763434.txt,"Travel Insurance	",Travel Insurance Cover
DRN-4763928.txt,"Contents Insurance	",Household and Commercial Property Insurance
DRN-4764535.txt,"Home Insurance	",Household and Commercial Property Insurance
DRN-4765500.txt,"Commercial Property Insurance	",Household and Commercial Property Insurance
DRN-4765709.txt,"Travel Insurance	",Travel Insurance Cover
DRN-4765837.txt,"Travel Insurance	",Travel Insurance Cover
DRN-4765862.txt,"Home Emergency Insurance	",Household and Commercial Property Insurance
DRN-4766180.txt,"Travel Insurance	",Travel Insurance Cover
DRN-4766843.txt,"Legal Expenses Insurance	",Legal Expenses and Monetary Loss Insurance
DRN-4767271.txt,"Pet Insurance	",Animal Insurance
DRN-4767448.txt,Whole of Life Assurance,Life and Critical Illness Cover
DRN-4767560.txt,"Income Protection Insurance	",Medical and Travel Insurance
DRN-4767697.txt,"GAP (Guaranteed Asset Protection Insurance)	",Motor Insurance
DRN-4768488.txt,"Legal Expenses Insurance	",Legal Expenses and Monetary Loss Insurance
DRN-4768740.txt,"Contents Insurance	",Household and Commercial Property Insurance
DRN-4768764.txt,"Pet Insurance	",Animal Insurance
DRN-4768845.txt,"Private Medical or Dental Insurance	",Medical and Travel Insurance
DRN-4769394.txt,"Home Emergency Insurance	",Household and Commercial Property Insurance
DRN-4770382.txt,"Motor Warranties	",Motor Insurance
DRN-4770733.txt,"Roadside Assistance Insurance	",Motor Insurance
DRN-4770779.txt,"Travel Insurance	",Travel Insurance Cover
DRN-4770835.txt,"Travel Insurance	",Travel Insurance Cover
DRN-4770881.txt,"Travel Insurance	",Travel Insurance Cover
DRN-4771000.txt,"Travel Insurance	",Travel Insurance Cover
DRN-4771184.txt,"GAP (Guaranteed Asset Protection Insurance)	",Motor Insurance
DRN-4771444.txt,"Commercial Property Insurance	",Household and Commercial Property Insurance
DRN-4771814.txt,"Travel Insurance	",Travel Insurance Cover
DRN-4773594.txt,"Legal Expenses Insurance	",Legal Expenses and Monetary Loss Insurance
DRN-4774205.txt,"Critical Illness Cover	",Life and Critical Illness Cover
DRN-4774263.txt,"Mobile Phone Insurance	",Personal Belongings Insurance (Standalone)
DRN-4774582.txt,"Pet Insurance	",Animal Insurance
DRN-4775950.txt,"Income Protection Insurance	",Medical and Travel Insurance
DRN-4776524.txt,"Tax Liability Insurance	",Legal Expenses and Monetary Loss Insurance
DRN-4776997.txt,"Commercial Property Insurance	",Household and Commercial Property Insurance
DRN-4777025.txt,"Travel Insurance	",Travel Insurance Cover
DRN-4777202.txt,"Buildings Insurance	",Household and Commercial Property Insurance
DRN-4777239.txt,"Commercial Property Insurance	",Household and Commercial Property Insurance
DRN-4777679.txt,"Mobile Phone Insurance	",Personal Belongings Insurance (Standalone)
DRN-4777712.txt,"Home Emergency Insurance	",Household and Commercial Property Insurance
DRN-4779935.txt,"Buildings Insurance	",Household and Commercial Property Insurance
DRN-4782233.txt,"Pet Insurance	",Animal Insurance
DRN-4782287.txt,"Travel Insurance	",Travel Insurance Cover
DRN-4782303.txt,Phone and Television Hardware Insurance,Personal Belongings Insurance (Standalone)
DRN-4782374.txt,"Marine Insurance	",Household and Commercial Property Insurance
DRN-4782835.txt,"Private Medical or Dental Insurance	",Medical and Travel Insurance
DRN-4782974.txt,"Contents Insurance	",Household and Commercial Property Insurance
DRN-4783170.txt,"Commercial Vehicle Insurance	",Motor Insurance
DRN-4783841.txt,"Buildings Insurance	",Household and Commercial Property Insurance
DRN-4784851.txt,"Term Assurance	",Life and Critical Illness Cover
DRN-4784902.txt,"Commercial Property Insurance	",Household and Commercial Property Insurance
DRN-4784953.txt,"Pet Insurance	",Animal Insurance
DRN-4786293.txt,"Travel Insurance	",Travel Insurance Cover
DRN-4786455.txt,"Travel Insurance	",Travel Insurance Cover
DRN-4788247.txt,"Motor Warranties	",Motor Insurance
DRN-4789748.txt,"Buildings Insurance	",Household and Commercial Property Insurance
DRN-4789856.txt,"Travel Insurance	",Travel Insurance Cover
DRN-4790309.txt,"Travel Insurance	",Travel Insurance Cover
DRN-4790445.txt,"Pet Insurance	",Animal Insurance
DRN-4790914.txt,"Mobile Phone Insurance	",Personal Belongings Insurance (Standalone)
DRN-4792287.txt,"Travel Insurance	",Travel Insurance Cover
DRN-4792397.txt,"Travel Insurance	",Travel Insurance Cover
DRN-4793219.txt,"Travel Insurance	",Travel Insurance Cover
DRN-4793268.txt,"Commercial Vehicle Insurance	",Motor Insurance
DRN-4793734.txt,"Travel Insurance	",Travel Insurance Cover
DRN-4793758.txt,"Home Emergency Insurance	",Household and Commercial Property Insurance
DRN-4793790.txt,Whole of Life Assurance,Life and Critical Illness Cover
DRN-4794617.txt,"Travel Insurance	",Travel Insurance Cover
DRN-4794740.txt,"Commercial Vehicle Insurance	",Motor Insurance
DRN-4795755.txt,"Pet Insurance	",Animal Insurance
DRN-4797106.txt,"Buildings Insurance	",Household and Commercial Property Insurance
DRN-4797239.txt,"Income Protection Insurance	",Medical and Travel Insurance
DRN-4798353.txt,"Buildings Insurance	",Household and Commercial Property Insurance
DRN-4798657.txt,"Buildings Insurance	",Household and Commercial Property Insurance
DRN-4799099.txt,"Contents Insurance	",Household and Commercial Property Insurance
DRN-4799770.txt,"Travel Insurance	",Travel Insurance Cover
DRN-4802617.txt,"Travel Insurance	",Travel Insurance Cover
DRN-4802624.txt,"Travel Insurance	",Travel Insurance Cover
DRN-4803513.txt,"Private Medical or Dental Insurance	",Medical and Travel Insurance
DRN-4806276.txt,"Travel Insurance	",Travel Insurance Cover
DRN-4806295.txt,"Buildings Insurance	",Household and Commercial Property Insurance
DRN-4806789.txt,"Legal Expenses Insurance	",Legal Expenses and Monetary Loss Insurance
DRN-4806883.txt,"Income Protection Insurance	",Medical and Travel Insurance
DRN-4806913.txt,"Critical Illness Cover	",Life and Critical Illness Cover
DRN-4807748.txt,"Caravan Insurance	",Motor Insurance
DRN-4808667.txt,"Travel Insurance	",Travel Insurance Cover
DRN-4808730.txt,"Travel Insurance	",Travel Insurance Cover
DRN-4809251.txt,"Legal Expenses Insurance	",Legal Expenses and Monetary Loss Insurance
DRN-4809407.txt,"Motor Warranties	",Motor Insurance
DRN-4810609.txt,"Buildings Insurance	",Household and Commercial Property Insurance
DRN-4810649.txt,"Private Medical or Dental Insurance	",Medical and Travel Insurance
DRN-4811002.txt,"Travel Insurance	",Travel Insurance Cover
DRN-4811776.txt,"Musical Instrument Insurance	",Personal Belongings Insurance (Standalone)
DRN-4812768.txt,"Contents Insurance	",Household and Commercial Property Insurance
DRN-4812955.txt,"Legal Expenses Insurance	",Legal Expenses and Monetary Loss Insurance
DRN-4813614.txt,"Pet Insurance	",Animal Insurance
DRN-4814181.txt,"Home Emergency Insurance	",Household and Commercial Property Insurance
DRN-4814312.txt,"Buildings Insurance	",Household and Commercial Property Insurance
DRN-4815033.txt,"Mobile Phone Insurance	",Personal Belongings Insurance (Standalone)
DRN-4815826.txt,"Car or Motorcycle Insurance	",Motor Insurance
DRN-4816084.txt,"Home Emergency Insurance	",Household and Commercial Property Insurance
DRN-4816356.txt,"Travel Insurance	",Travel Insurance Cover
DRN-4818085.txt,"Travel Insurance	",Travel Insurance Cover
DRN-4821240.txt,"Home Emergency Insurance	",Household and Commercial Property Insurance
DRN-4822045.txt,"GAP (Guaranteed Asset Protection Insurance)	",Motor Insurance
DRN-4822377.txt,"Home Emergency Insurance	",Household and Commercial Property Insurance
DRN-4822563.txt,"Pet Insurance	",Animal Insurance
DRN-4824113.txt,"Gadget Insurance	",Personal Belongings Insurance (Standalone)
DRN-4827921.txt,"Travel Insurance	",Travel Insurance Cover
DRN-4829439.txt,"Pet Insurance	",Animal Insurance
DRN-4829449.txt,"Contents Insurance	",Household and Commercial Property Insurance
DRN-4829623.txt,"Commercial Property Insurance	",Household and Commercial Property Insurance
DRN-4829643.txt,"Travel Insurance	",Travel Insurance Cover
DRN-4829841.txt,"Travel Insurance	",Travel Insurance Cover
DRN-4829953.txt,"Travel Insurance	",Travel Insurance Cover
DRN-4830080.txt,"Legal Expenses Insurance	",Legal Expenses and Monetary Loss Insurance
DRN-4830148.txt,"Whole of life Assurance (Reviewable - Life Only)	",Life and Critical Illness Cover
DRN-4836396.txt,"Travel Insurance	",Travel Insurance Cover
DRN-4837219.txt,"Contents Insurance	",Household and Commercial Property Insurance
DRN-4837277.txt,"Legal Expenses Insurance	",Legal Expenses and Monetary Loss Insurance
DRN-4840158.txt,"Legal Expenses Insurance	",Legal Expenses and Monetary Loss Insurance
DRN-4840290.txt,"Mobile Phone Insurance	",Personal Belongings Insurance (Standalone)
DRN-4840735.txt,"Buildings Insurance	",Household and Commercial Property Insurance
DRN-4842247.txt,"Travel Insurance	",Travel Insurance Cover
DRN-4843016.txt,"Motor Warranties	",Motor Insurance
DRN-4845760.txt,"Pet Insurance	",Animal Insurance
